{"percentage_of_v_out_of_control": 0.017676767676767673, "_timestamp": 1664987551.7120595, "_runtime": 30864.753824472427, "average_voltage_deviation": 0.013419612215311802, "average_voltage": 0.9981101479645423, "total_line_loss": 0.23017514102393796, "q_loss": 0.0036692297691787268, "avg_reward": -3.1899203474308107, "_step": 38}