{"percentage_of_v_out_of_control": 0.011311026936026938, "_timestamp": 1665312116.333799, "_runtime": 159433.9270348549, "average_voltage_deviation": 0.012817313385663423, "average_voltage": 0.9930500853446742, "total_line_loss": 0.15387169032936054, "q_loss": 0.004015390788525957, "avg_reward": -2.9739420136384793, "_step": 183}